course_id,section,department,enrollment,contact_hours,assigned_room,room_type,room_capacity,start_time
SIT-102,B,School of Information Technology,40,4.5,MPO320,Computer Lab,40,7.5
SIT-105,A,School of Information Technology,40,4.5,MPO320,Computer Lab,40,12.0
SIT-105,B,School of Information Technology,40,4.5,MPO320,Computer Lab,40,16.5
ETYSBM-110,C,E.T. Yuchengco School of Business Management,78,1.5,MPO223,Lecture Room,80,7.5
SMDA-114,A,School of Multimedia and Digital Arts,78,1.5,MPO223,Lecture Room,80,9.0
SHS-124,A,School of Health Sciences,78,1.5,MPO223,Lecture Room,80,10.5
ETYSBM-106,A,E.T. Yuchengco School of Business Management,77,1.5,MPO223,Lecture Room,80,12.0
ETYSBM-107,C,E.T. Yuchengco School of Business Management,77,1.5,MPO223,Lecture Room,80,13.5
SN-115,A,School of Nursing,76,1.5,MPO223,Lecture Room,80,15.0
SHS-125,A,School of Health Sciences,75,1.5,MPO223,Lecture Room,80,16.5
SN-116,C,School of Nursing,70,1.5,MPO223,Lecture Room,80,18.0
SIT-101,B,School of Information Technology,68,1.5,MPO223,Lecture Room,80,19.5
ETYSBM-108,B,E.T. Yuchengco School of Business Management,67,1.5,MPO207,Lecture Room,80,7.5
SIT-104,B,School of Information Technology,66,1.5,MPO207,Lecture Room,80,9.0
SHS-123,A,School of Health Sciences,65,1.5,MPO207,Lecture Room,80,10.5
SIT-101,C,School of Information Technology,64,1.5,MPO207,Lecture Room,80,12.0
ETYSBM-107,A,E.T. Yuchengco School of Business Management,64,1.5,MPO207,Lecture Room,80,13.5
SN-118,A,School of Nursing,64,1.5,MPO207,Lecture Room,80,15.0
SHS-122,B,School of Health Sciences,64,1.5,MPO207,Lecture Room,80,16.5
SMDA-112,C,School of Multimedia and Digital Arts,63,1.5,MPO207,Lecture Room,80,18.0
SN-118,B,School of Nursing,63,1.5,MPO207,Lecture Room,80,19.5
SN-116,B,School of Nursing,62,1.5,MPO103,Lecture Room,80,7.5
SN-117,A,School of Nursing,62,1.5,MPO103,Lecture Room,80,9.0
ETYSBM-110,A,E.T. Yuchengco School of Business Management,61,1.5,MPO103,Lecture Room,80,10.5
SN-119,A,School of Nursing,61,1.5,MPO103,Lecture Room,80,12.0
SHS-125,C,School of Health Sciences,58,1.5,Cervantes Room,Lecture Room,60,7.5
ETYSBM-108,A,E.T. Yuchengco School of Business Management,57,1.5,Cervantes Room,Lecture Room,60,9.0
SHS-123,C,School of Health Sciences,57,1.5,Cervantes Room,Lecture Room,60,10.5
ETYSBM-108,C,E.T. Yuchengco School of Business Management,55,1.5,Cervantes Room,Lecture Room,60,12.0
SIT-103,C,School of Information Technology,50,1.5,MPO217,Lecture Room,50,7.5
ETYSBM-107,B,E.T. Yuchengco School of Business Management,46,1.5,MPO217,Lecture Room,50,9.0
SIT-102,C,School of Information Technology,44,1.5,MPO217,Lecture Room,50,10.5
SIT-103,B,School of Information Technology,44,1.5,MPO217,Lecture Room,50,12.0
ETYSBM-109,A,E.T. Yuchengco School of Business Management,44,1.5,MPO217,Lecture Room,50,13.5
SN-117,B,School of Nursing,39,1.5,MPO205,Lecture Room,40,7.5
ETYSBM-109,B,E.T. Yuchengco School of Business Management,38,1.5,MPO205,Lecture Room,40,9.0
SHS-122,C,School of Health Sciences,38,1.5,MPO205,Lecture Room,40,10.5
SMDA-113,B,School of Multimedia and Digital Arts,37,1.5,MPO205,Lecture Room,40,12.0
ETYSBM-110,B,E.T. Yuchengco School of Business Management,35,1.5,MPO205,Lecture Room,40,13.5
SN-121,B,School of Nursing,35,1.5,MPO205,Lecture Room,40,15.0
SHS-122,A,School of Health Sciences,34,1.5,MPO205,Lecture Room,40,16.5
SMDA-113,A,School of Multimedia and Digital Arts,30,1.5,MPO205,Lecture Room,40,18.0
